"Reference,""Value"",""Footprint"",""Datasheet"",""Qty"",""DNP"",""Exclude from BOM"",""Exclude from Board"""
"A1,""Arduino_Nano_v2.x"",""Module:Arduino_Nano"",""https://www.arduino.cc/en/uploads/Main/ArduinoNanoManual23.pdf"",""1"","""","""","""""
"BAT_IN1,""Conn_01x02_Pin"",""Connector_PinHeader_2.00mm:PinHeader_1x02_P2.00mm_Vertical"",""~"",""1"","""","""","""""
"Bot�o1;Bot�o2,""SW_Push"",""Button_Switch_THT:SW_PUSH_6mm"",""~"",""2"","""","""","""""
"BZ1,""Buzzer"",""Buzzer_Beeper:Buzzer_12x9.5RM7.6"",""~"",""1"","""","""","""""
"C1;C2;C3;C6;C7,""10nF"",""Capacitor_SMD:C_0805_2012Metric"",""~"",""5"","""","""","""""
"C4;C5;C8;C9;C10;C11;C12,""100uF"",""Capacitor_SMD:C_0805_2012Metric"",""~"",""7"","""","""","""""
"D1;D2,""LED"",""LED_THT:LED_D5.0mm"",""~"",""2"","""","""","""""
"D3,""D"",""Diode_THT:D_A-405_P10.16mm_Horizontal"",""~"",""1"","""","""","""""
"FB1,""FerriteBead"",""Resistor_SMD:R_0805_2012Metric"",""~"",""1"","""","""","""""
"HC-6,""Conn_01x06_Pin"",""TB6612FNG:HC-06"",""~"",""1"","""","""","""""
"MH-MINI-1,""~"",""TB6612FNG:MH-MINI"","""",""1"","""","""","""""
"MOTOR1;MOTOR2,""Conn_01x02_Pin"",""TestPoint:TestPoint_2Pads_Pitch2.54mm_Drill0.8mm"",""~"",""2"","""","""","""""
"R1;R4,""100"",""Resistor_SMD:R_2512_6332Metric"",""~"",""2"","""","""","""""
"R2;R3,""10k"",""Resistor_SMD:R_2512_6332Metric"",""~"",""2"","""","""","""""
"SENSOR_FRONTAL1,""Conn_01x11_Socket"",""Connector_PinSocket_2.54mm:PinSocket_1x11_P2.54mm_Horizontal"",""~"",""1"","""","""","""""
"SENS_LATERAL_DIR1,SENS_LATERAL_ESQ1,""Conn_01x03_Socket"",""Connector_PinSocket_2.54mm:PinSocket_1x03_P2.54mm_Horizontal"",""~"",""2"","""","""","""""
"Switch_ON/OFF1,""SW_SPDT"",""TB6612FNG:SS-12D10-G050"",""~"",""1"","""","""","""""
"TB6612FNG1,""PonteH"",""TB6612FNG:Ponte_H"","""",""1"","""","""","""""
"TP1;TP2;TP3;TP4;TP5;TP6;TP7;TP8;TP9;TP10;TP11;TP12;TP13;TP14;TP15;TP16;TP17;TP18;TP19;TP20;TP21;TP22,""TestPoint"",""TestPoint:TestPoint_Pad_2.5x2.5mm"",""~"",""22"","""","""","""""
